{"cameraMode":{"drawMode":0,"name":"Shaded","section":"Shading Mode"},"sceneLighting":false,"audioPlay":false,"sceneViewState":{"showFog":true,"showMaterialUpdate":false,"showSkybox":false,"showFlares":true,"showImageEffects":true,"showParticleSystems":true,"showVisualEffectGraphs":true,"m_FxEnabled":true},"in2DMode":false,"pivot":{"x":1.476273775100708,"y":1.0466136932373047,"z":0.6659035682678223},"rotation":{"x":-0.07604707032442093,"y":-0.45984145998954775,"z":0.039526425302028659,"w":-0.883873701095581},"size":2.3312337398529054,"orthographic":false}