{"cameraMode":{"drawMode":0,"name":"Shaded","section":"Shading Mode"},"sceneLighting":true,"audioPlay":false,"sceneViewState":{"showFog":true,"showMaterialUpdate":false,"showSkybox":true,"showFlares":true,"showImageEffects":true,"showParticleSystems":true,"showVisualEffectGraphs":true,"m_FxEnabled":true},"in2DMode":false,"pivot":{"x":21.80021858215332,"y":-1.8047218322753907,"z":27.906003952026368},"rotation":{"x":0.08283748477697373,"y":0.24205508828163148,"z":-0.020746298134326936,"w":0.9664971232414246},"size":34.20375061035156,"orthographic":false}