{"cameraMode":{"drawMode":0,"name":"Shaded","section":"Shading Mode"},"sceneLighting":false,"audioPlay":false,"sceneViewState":{"showFog":true,"showMaterialUpdate":false,"showSkybox":false,"showFlares":true,"showImageEffects":true,"showParticleSystems":true,"showVisualEffectGraphs":true,"m_FxEnabled":true},"in2DMode":false,"pivot":{"x":17.219188690185548,"y":0.5699999332427979,"z":-0.4012296497821808},"rotation":{"x":-0.17584386467933656,"y":-0.4120895266532898,"z":-0.08139157295227051,"w":0.8903046250343323},"size":1.4153919219970704,"orthographic":true}