{"cameraMode":{"drawMode":0,"name":"Shaded","section":"Shading Mode"},"sceneLighting":false,"audioPlay":false,"sceneViewState":{"showFog":true,"showMaterialUpdate":false,"showSkybox":false,"showFlares":true,"showImageEffects":false,"showParticleSystems":true,"showVisualEffectGraphs":true,"m_FxEnabled":true},"in2DMode":false,"pivot":{"x":0.053705886006355289,"y":1.6067265272140504,"z":0.44758474826812746},"rotation":{"x":0.0034292996861040594,"y":0.8205499053001404,"z":-0.004923360887914896,"w":0.5715433359146118},"size":0.699996829032898,"orthographic":false}