{"cameraMode":{"drawMode":0,"name":"Shaded","section":"Shading Mode"},"sceneLighting":true,"audioPlay":false,"sceneViewState":{"showFog":true,"showMaterialUpdate":false,"showSkybox":true,"showFlares":true,"showImageEffects":true,"showParticleSystems":true,"showVisualEffectGraphs":true,"m_FxEnabled":true},"in2DMode":false,"pivot":{"x":6.865157127380371,"y":5.936659812927246,"z":-0.8864974975585938},"rotation":{"x":0.06684521585702896,"y":0.24439941346645356,"z":-0.016886841505765916,"w":0.9672276973724365},"size":10.969562530517579,"orthographic":false}