{"cameraMode":{"drawMode":0,"name":"Shaded","section":"Shading Mode"},"sceneLighting":true,"audioPlay":false,"sceneViewState":{"showFog":true,"showMaterialUpdate":false,"showSkybox":true,"showFlares":true,"showImageEffects":true,"showParticleSystems":true,"showVisualEffectGraphs":true,"m_FxEnabled":true},"in2DMode":false,"pivot":{"x":4.240760326385498,"y":4.105400085449219,"z":-0.5703554153442383},"rotation":{"x":0.6302653551101685,"y":0.002329123206436634,"z":-0.0018907730700448156,"w":0.7763743996620178},"size":20.451078414916993,"orthographic":false}