{"cameraMode":{"drawMode":0,"name":"Shaded","section":"Shading Mode"},"sceneLighting":false,"audioPlay":false,"sceneViewState":{"showFog":true,"showMaterialUpdate":false,"showSkybox":false,"showFlares":true,"showImageEffects":true,"showParticleSystems":true,"showVisualEffectGraphs":true,"m_FxEnabled":true},"in2DMode":false,"pivot":{"x":0.36807066202163699,"y":0.6261105537414551,"z":0.865319013595581},"rotation":{"x":-0.04284448176622391,"y":0.956910252571106,"z":-0.21388155221939088,"w":-0.19168995320796967},"size":0.7792302370071411,"orthographic":false}