{"cameraMode":{"drawMode":0,"name":"Shaded","section":"Shading Mode"},"sceneLighting":false,"audioPlay":false,"sceneViewState":{"showFog":true,"showMaterialUpdate":false,"showSkybox":false,"showFlares":true,"showImageEffects":true,"showParticleSystems":true,"showVisualEffectGraphs":true,"m_FxEnabled":true},"in2DMode":false,"pivot":{"x":-0.020495561882853509,"y":-0.8913492560386658,"z":-0.6757652759552002},"rotation":{"x":-0.011496606282889843,"y":0.9461197853088379,"z":-0.3218494951725006,"w":-0.03379509970545769},"size":1.7184724807739258,"orthographic":false}