{"cameraMode":{"drawMode":0,"name":"Shaded","section":"Shading Mode"},"sceneLighting":true,"audioPlay":false,"sceneViewState":{"showFog":true,"showMaterialUpdate":false,"showSkybox":true,"showFlares":true,"showImageEffects":false,"showParticleSystems":true,"showVisualEffectGraphs":true,"m_FxEnabled":true},"in2DMode":false,"pivot":{"x":31.595802307128908,"y":28.659212112426759,"z":17.657594680786134},"rotation":{"x":-0.1724572777748108,"y":0.5269767642021179,"z":0.11017677932977677,"w":0.8248786330223084},"size":28.858863830566408,"orthographic":false}