{"cameraMode":{"drawMode":0,"name":"Shaded","section":"Shading Mode"},"sceneLighting":false,"audioPlay":false,"sceneViewState":{"showFog":true,"showMaterialUpdate":false,"showSkybox":false,"showFlares":true,"showImageEffects":false,"showParticleSystems":true,"showVisualEffectGraphs":true,"m_FxEnabled":true},"in2DMode":false,"pivot":{"x":0.17696009576320649,"y":0.5164583921432495,"z":-0.15386413037776948},"rotation":{"x":0.01904105767607689,"y":-0.9809176921844482,"z":0.13101936876773835,"w":0.1424306333065033},"size":0.8411786556243897,"orthographic":false}