{"cameraMode":{"drawMode":0,"name":"Shaded","section":"Shading Mode"},"sceneLighting":false,"audioPlay":false,"sceneViewState":{"showFog":true,"showMaterialUpdate":false,"showSkybox":false,"showFlares":true,"showImageEffects":false,"showParticleSystems":true,"showVisualEffectGraphs":true,"m_FxEnabled":true},"in2DMode":false,"pivot":{"x":-0.44838109612464907,"y":0.329827219247818,"z":-0.1971345990896225},"rotation":{"x":0.05571656674146652,"y":-0.7401363253593445,"z":0.061774320900440219,"w":0.6673015356063843},"size":0.8411786556243897,"orthographic":false}