{"cameraMode":{"drawMode":0,"name":"Shaded","section":"Shading Mode"},"sceneLighting":false,"audioPlay":false,"sceneViewState":{"showFog":true,"showMaterialUpdate":false,"showSkybox":false,"showFlares":true,"showImageEffects":true,"showParticleSystems":true,"showVisualEffectGraphs":true,"m_FxEnabled":true},"in2DMode":false,"pivot":{"x":20.591489791870118,"y":0.6939353942871094,"z":0.6588470935821533},"rotation":{"x":0.2670028507709503,"y":-0.23550735414028169,"z":0.06746649742126465,"w":0.9320381879806519},"size":1.6965141296386719,"orthographic":false}