{"cameraMode":{"drawMode":0,"name":"Shaded","section":"Shading Mode"},"sceneLighting":false,"audioPlay":false,"sceneViewState":{"showFog":true,"showMaterialUpdate":false,"showSkybox":false,"showFlares":true,"showImageEffects":true,"showParticleSystems":true,"showVisualEffectGraphs":true,"m_FxEnabled":true},"in2DMode":false,"pivot":{"x":-0.0000016058563687693095,"y":-0.00000968424319580663,"z":-0.000009580095138517208},"rotation":{"x":0.459653377532959,"y":-0.08502087742090225,"z":0.04426291584968567,"w":0.8829113245010376},"size":3.6591720581054689,"orthographic":false}