{"cameraMode":{"drawMode":0,"name":"Shaded","section":"Shading Mode"},"sceneLighting":false,"audioPlay":false,"sceneViewState":{"showFog":true,"showMaterialUpdate":false,"showSkybox":false,"showFlares":true,"showImageEffects":true,"showParticleSystems":true,"showVisualEffectGraphs":true,"m_FxEnabled":true},"in2DMode":false,"pivot":{"x":1.1916589736938477,"y":0.40591490268707278,"z":0.40775826573371889},"rotation":{"x":-0.04347022622823715,"y":0.9532278776168823,"z":-0.16696494817733766,"w":-0.24818183481693269},"size":1.0184316635131837,"orthographic":false}