{"cameraMode":{"drawMode":0,"name":"Shaded","section":"Shading Mode"},"sceneLighting":false,"audioPlay":false,"sceneViewState":{"showFog":false,"showMaterialUpdate":false,"showSkybox":false,"showFlares":false,"showImageEffects":false,"showParticleSystems":false,"showVisualEffectGraphs":true,"m_FxEnabled":true},"in2DMode":false,"pivot":{"x":0.0000018477439880371094,"y":1.5626981258392335,"z":0.016342580318450929},"rotation":{"x":0.018452970311045648,"y":-0.5719041228294373,"z":0.012870613485574723,"w":0.8200168013572693},"size":2.391444683074951,"orthographic":true}