{"cameraMode":{"drawMode":0,"name":"Shaded","section":"Shading Mode"},"sceneLighting":true,"audioPlay":false,"sceneViewState":{"showFog":true,"showMaterialUpdate":false,"showSkybox":true,"showFlares":true,"showImageEffects":true,"showParticleSystems":true,"showVisualEffectGraphs":true,"m_FxEnabled":true},"in2DMode":false,"pivot":{"x":4.6269073486328129,"y":-9.00953483581543,"z":42.227508544921878},"rotation":{"x":0.1671813279390335,"y":-0.019224924966692926,"z":0.0032533868215978147,"w":0.9857499599456787},"size":26.81422996520996,"orthographic":false}