{"cameraMode":{"drawMode":0,"name":"Shaded","section":"Shading Mode"},"sceneLighting":true,"audioPlay":false,"sceneViewState":{"showFog":true,"showMaterialUpdate":false,"showSkybox":true,"showFlares":true,"showImageEffects":true,"showParticleSystems":true,"showVisualEffectGraphs":true,"m_FxEnabled":true},"in2DMode":false,"pivot":{"x":-13.326058387756348,"y":-23.825916290283204,"z":29.356414794921876},"rotation":{"x":0.31039345264434817,"y":-0.22798587381839753,"z":0.07694034278392792,"w":0.9196694493293762},"size":23.013334274291993,"orthographic":false}